,n_estimators,max_depth,min_samples_leaf,min_samples_split,max_features,mean_score,std,cross_val_score_1,cross_val_score_2,cross_val_score_3,cross_val_score_4,cross_val_score_5
0,10,2,2,2,,0.6975967099073839,0.1420957439670689,0.6977259005836184,0.48752012882447665,0.8900966183574879,0.8053542673107891,0.6072866344605475
0,10,2,2,2,sqrt,0.7103985693586873,0.11837659856337933,0.6995371302072851,0.5628019323671497,0.8705716586151369,0.8156199677938808,0.6034621578099839
0,10,2,2,2,log2,0.7103985693586873,0.11837659856337933,0.6995371302072851,0.5628019323671497,0.8705716586151369,0.8156199677938808,0.6034621578099839
0,10,3,2,2,,0.7073790998554971,0.12821237319414625,0.7031595894546186,0.5281803542673108,0.8776167471819646,0.8164251207729468,0.6115136876006442
0,10,3,2,2,sqrt,0.723562180527321,0.12861686163026312,0.7154357013483599,0.5619967793880838,0.9005636070853462,0.8321256038647343,0.6076892109500805
0,10,3,2,2,log2,0.723562180527321,0.12861686163026312,0.7154357013483599,0.5619967793880838,0.9005636070853462,0.8321256038647343,0.6076892109500805
0,10,4,2,2,,0.7067345885877302,0.12797549156478014,0.7128194807808412,0.5322061191626409,0.8743961352657005,0.8150161030595813,0.5992351046698873
0,10,4,2,2,sqrt,0.7232801339318267,0.12948426230397733,0.721473133427249,0.5549516908212561,0.8951288244766505,0.836352657004831,0.6084943639291466
0,10,4,2,2,log2,0.7232801339318267,0.12948426230397733,0.721473133427249,0.5549516908212561,0.8951288244766505,0.836352657004831,0.6084943639291466
0,10,5,2,2,,0.7059692638643001,0.13343120858454222,0.7234856107868787,0.5142914653784219,0.8804347826086957,0.8095813204508857,0.6020531400966184
0,10,5,2,2,sqrt,0.722635841411599,0.13336224378500827,0.7256993358824714,0.5414653784219001,0.8959339774557166,0.839170692431562,0.6109098228663447
0,10,5,2,2,log2,0.722635841411599,0.13336224378500827,0.7256993358824714,0.5414653784219001,0.8959339774557166,0.839170692431562,0.6109098228663447
0,10,6,2,2,,0.7034729979658099,0.12915754511912209,0.7307305292815456,0.5140901771336553,0.8484299516908212,0.8252818035426731,0.5988325281803543
0,10,6,2,2,sqrt,0.7262989633959209,0.1334264590039818,0.7337492453209902,0.5450885668276972,0.9003623188405797,0.8397745571658615,0.6125201288244766
0,10,6,2,2,log2,0.7262989633959209,0.1334264590039818,0.7337492453209902,0.5450885668276972,0.9003623188405797,0.8397745571658615,0.6125201288244766
0,10,7,2,2,,0.7146240102484033,0.1290446153054962,0.7395854296639163,0.5221417069243156,0.8649355877616747,0.8301127214170693,0.6163446054750402
0,10,7,2,2,sqrt,0.7307671735452235,0.1370181776162603,0.7434091366472128,0.535829307568438,0.9001610305958132,0.8532608695652174,0.6211755233494364
0,10,7,2,2,log2,0.7307671735452235,0.1370181776162603,0.7434091366472128,0.535829307568438,0.9001610305958132,0.8532608695652174,0.6211755233494364
0,10,8,2,2,,0.7242046663549109,0.12554062435137986,0.7560877440128798,0.5400563607085346,0.8625201288244766,0.8421900161030595,0.6201690821256038
0,10,8,2,2,sqrt,0.734067976688966,0.13324289609786444,0.7514590460857316,0.5434782608695652,0.894927536231884,0.854669887278583,0.625805152979066
0,10,8,2,2,log2,0.734067976688966,0.13324289609786444,0.7514590460857316,0.5434782608695652,0.894927536231884,0.854669887278583,0.625805152979066
0,10,9,2,2,,0.7309674166628588,0.125078486159634,0.7693700945864359,0.5473027375201288,0.8691626409017713,0.8438003220611916,0.6252012882447665
0,10,9,2,2,sqrt,0.7400257441548227,0.12872888931819806,0.7605151942040652,0.5599838969404187,0.8967391304347826,0.8542673107890499,0.6286231884057971
0,10,9,2,2,log2,0.7400257441548227,0.12872888931819806,0.7605151942040652,0.5599838969404187,0.8967391304347826,0.8542673107890499,0.6286231884057971
0,10,10,2,2,,0.7397428468744541,0.12251504878200642,0.7876836385590662,0.5632045088566827,0.8681561996779388,0.8518518518518519,0.6278180354267311
0,10,10,2,2,sqrt,0.7486401518723655,0.12331190329001528,0.7786274904407325,0.5760869565217391,0.8904991948470209,0.8613123993558777,0.6366747181964574
0,10,10,2,2,log2,0.7486401518723655,0.12331190329001528,0.7786274904407325,0.5760869565217391,0.8904991948470209,0.8613123993558777,0.6366747181964574
0,20,2,2,2,,0.6976773224264189,0.1420485527581051,0.6953109277520628,0.48752012882447665,0.8902979066022544,0.8061594202898551,0.6090982286634461
0,20,2,2,2,sqrt,0.7111637482504248,0.11433742414199731,0.6924934594485812,0.5754830917874396,0.8689613526570048,0.8136070853462157,0.6052737520128825
0,20,2,2,2,log2,0.7111637482504248,0.11433742414199731,0.6924934594485812,0.5754830917874396,0.8689613526570048,0.8136070853462157,0.6052737520128825
0,20,3,2,2,,0.7097140921053527,0.1323753204912474,0.7019521030388408,0.5269726247987118,0.8923107890499195,0.8156199677938808,0.6117149758454107
0,20,3,2,2,sqrt,0.7249709956966688,0.1280563043367349,0.7204668947474341,0.5640096618357487,0.9011674718196457,0.8313204508856683,0.6078904991948471
0,20,3,2,2,log2,0.7249709956966688,0.1280563043367349,0.7204668947474341,0.5640096618357487,0.9011674718196457,0.8313204508856683,0.6078904991948471
0,20,4,2,2,,0.7096330501930002,0.12803611004848986,0.7150332058764339,0.5301932367149759,0.8735909822866345,0.8214573268921095,0.6078904991948471
0,20,4,2,2,sqrt,0.7270241357932872,0.12901720829546684,0.7204668947474341,0.5615942028985508,0.9059983896940419,0.8325281803542673,0.6145330112721417
0,20,4,2,2,log2,0.7270241357932872,0.12901720829546684,0.7204668947474341,0.5615942028985508,0.9059983896940419,0.8325281803542673,0.6145330112721417
0,20,5,2,2,,0.7114038844377817,0.13221596097977575,0.727510565506138,0.5225442834138486,0.8790257648953301,0.822061191626409,0.605877616747182
0,20,5,2,2,sqrt,0.7243668149937017,0.13701227588484252,0.7283155564499899,0.5344202898550725,0.9041867954911433,0.8401771336553945,0.6147342995169082
0,20,5,2,2,log2,0.7243668149937017,0.13701227588484252,0.7283155564499899,0.5344202898550725,0.9041867954911433,0.8401771336553945,0.6147342995169082
0,20,6,2,2,,0.7144632713159755,0.13477545058540744,0.7323405111692494,0.5177133655394525,0.8800322061191627,0.8313204508856683,0.6109098228663447
0,20,6,2,2,sqrt,0.7280300585044344,0.13251099849126313,0.7333467498490642,0.5477053140096618,0.9003623188405797,0.842391304347826,0.6163446054750402
0,20,6,2,2,log2,0.7280300585044344,0.13251099849126313,0.7333467498490642,0.5477053140096618,0.9003623188405797,0.842391304347826,0.6163446054750402
0,20,7,2,2,,0.7174015773804026,0.12926478013766984,0.7448178707989536,0.5253623188405797,0.8629227053140096,0.8377616747181964,0.6161433172302737
0,20,7,2,2,sqrt,0.7314919570580756,0.13535659087815738,0.7397866773998792,0.5466988727858293,0.9029790660225443,0.8522544283413849,0.6157407407407407
0,20,7,2,2,log2,0.7314919570580756,0.13535659087815738,0.7397866773998792,0.5466988727858293,0.9029790660225443,0.8522544283413849,0.6157407407407407
0,20,8,2,2,,0.7260968892803659,0.127833261643785,0.7532702757093983,0.5388486312399355,0.8673510466988728,0.8490338164251208,0.6219806763285024
0,20,8,2,2,sqrt,0.7358794898742574,0.13400337158730757,0.7534715234453613,0.5452898550724637,0.8983494363929146,0.856682769726248,0.6256038647342995
0,20,8,2,2,log2,0.7358794898742574,0.13400337158730757,0.7534715234453613,0.5452898550724637,0.8983494363929146,0.856682769726248,0.6256038647342995
0,20,9,2,2,,0.7348322562852649,0.12515439211265117,0.7667538740189173,0.5527375201288245,0.8723832528180354,0.8532608695652174,0.6290257648953301
0,20,9,2,2,sqrt,0.7438499615490437,0.13112666692822858,0.7669551217548802,0.5591787439613527,0.9049919484702094,0.856682769726248,0.6314412238325282
0,20,9,2,2,log2,0.7438499615490437,0.13112666692822858,0.7669551217548802,0.5591787439613527,0.9049919484702094,0.856682769726248,0.6314412238325282
0,20,10,2,2,,0.7445335800157433,0.12287353044648557,0.7858724089353994,0.5686392914653784,0.8784219001610306,0.8564814814814815,0.6332528180354268
0,20,10,2,2,sqrt,0.7497271732081904,0.12656961370238762,0.7770175085530288,0.5730676328502415,0.8977455716586151,0.8649355877616747,0.6358695652173914
0,20,10,2,2,log2,0.7497271732081904,0.12656961370238762,0.7770175085530288,0.5730676328502415,0.8977455716586151,0.8649355877616747,0.6358695652173914
0,30,2,2,2,,0.6983616133392573,0.14258968892639462,0.6975246528476554,0.48691626409017713,0.8900966183574879,0.8085748792270532,0.6086956521739131
0,30,2,2,2,sqrt,0.7191344386727501,0.12466474461052277,0.7005433688871,0.5676328502415459,0.892914653784219,0.8272946859903382,0.6072866344605475
0,30,2,2,2,log2,0.7191344386727501,0.12466474461052277,0.7005433688871,0.5676328502415459,0.892914653784219,0.8272946859903382,0.6072866344605475
0,30,3,2,2,,0.7103179163308487,0.13318910231931824,0.7029583417186557,0.5271739130434783,0.8967391304347826,0.8132045088566827,0.6115136876006442
0,30,3,2,2,sqrt,0.7240450697707428,0.1267264494248063,0.7204668947474341,0.5648148148148148,0.8971417069243156,0.8305152979066023,0.6072866344605475
0,30,3,2,2,log2,0.7240450697707428,0.1267264494248063,0.7204668947474341,0.5648148148148148,0.8971417069243156,0.8305152979066023,0.6072866344605475
0,30,4,2,2,,0.7098342898272024,0.1282316774892482,0.7162406922922118,0.5305958132045089,0.8743961352657005,0.8210547504025765,0.6068840579710145
0,30,4,2,2,sqrt,0.7281513256586974,0.13156023254022609,0.721070637955323,0.5593800322061192,0.9074074074074074,0.8401771336553945,0.6127214170692431
0,30,4,2,2,log2,0.7281513256586974,0.13156023254022609,0.721070637955323,0.5593800322061192,0.9074074074074074,0.8401771336553945,0.6127214170692431
0,30,5,2,2,,0.7128933850420108,0.13235025137748807,0.7283155564499899,0.5219404186795491,0.8786231884057971,0.8258856682769726,0.6097020933977456
0,30,5,2,2,sqrt,0.7287146491824188,0.13327820831308074,0.7281143087140269,0.5511272141706924,0.9061996779388084,0.8425925925925926,0.6155394524959742
0,30,5,2,2,log2,0.7287146491824188,0.13327820831308074,0.7281143087140269,0.5511272141706924,0.9061996779388084,0.8425925925925926,0.6155394524959742
0,30,6,2,2,,0.7153892215471835,0.13493465296784452,0.7317367679613604,0.5169082125603864,0.8780193236714976,0.836352657004831,0.6139291465378421
0,30,6,2,2,sqrt,0.7282715233805472,0.13363231049568755,0.735359227208694,0.5428743961352657,0.8999597423510467,0.8442028985507246,0.6189613526570048
0,30,6,2,2,log2,0.7282715233805472,0.13363231049568755,0.735359227208694,0.5428743961352657,0.8999597423510467,0.8442028985507246,0.6189613526570048
0,30,7,2,2,,0.7204611992096571,0.1294878434677557,0.7438116321191387,0.5291867954911433,0.8651368760064412,0.8450080515297906,0.6191626409017713
0,30,7,2,2,sqrt,0.730243978042284,0.135502573387808,0.7395854296639163,0.5452898550724637,0.9023752012882448,0.8500402576489533,0.6139291465378421
0,30,7,2,2,log2,0.730243978042284,0.135502573387808,0.7395854296639163,0.5452898550724637,0.9023752012882448,0.8500402576489533,0.6139291465378421
0,30,8,2,2,,0.72710323328307,0.12794296756891996,0.7556852485409539,0.5412640901771336,0.8681561996779388,0.8502415458937198,0.6201690821256038
0,30,8,2,2,sqrt,0.7372884103664945,0.13262643588565048,0.7558864962769168,0.5501207729468599,0.8977455716586151,0.857085346215781,0.6256038647342995
0,30,8,2,2,log2,0.7372884103664945,0.13262643588565048,0.7558864962769168,0.5501207729468599,0.8977455716586151,0.857085346215781,0.6256038647342995
0,30,9,2,2,,0.7361606614795954,0.1261596121780854,0.7691688468504729,0.5547504025764896,0.8756038647342995,0.8548711755233495,0.6264090177133655
0,30,9,2,2,sqrt,0.7439705319518859,0.1309032854280706,0.7719863151539545,0.5587761674718197,0.9013687600644122,0.857487922705314,0.6302334943639292
0,30,9,2,2,log2,0.7439705319518859,0.1309032854280706,0.7719863151539545,0.5587761674718197,0.9013687600644122,0.857487922705314,0.6302334943639292
0,30,10,2,2,,0.7467476696905678,0.12231528140828776,0.7878848862950292,0.572866344605475,0.8804347826086957,0.8580917874396136,0.6344605475040258
0,30,10,2,2,sqrt,0.7508140325088009,0.12638647270464973,0.7794324813845844,0.5730676328502415,0.8969404186795491,0.8665458937198067,0.6380837359098228
0,30,10,2,2,log2,0.7508140325088009,0.12638647270464973,0.7794324813845844,0.5730676328502415,0.8969404186795491,0.8665458937198067,0.6380837359098228
0,40,2,2,2,,0.6984823781843565,0.14205924555204627,0.6977259005836184,0.48691626409017713,0.8902979066022544,0.8065619967793881,0.6109098228663447
0,40,2,2,2,sqrt,0.7174838831674254,0.12311109245031372,0.700342121151137,0.5664251207729468,0.8898953301127214,0.822463768115942,0.6082930756843801
0,40,2,2,2,log2,0.7174838831674254,0.12311109245031372,0.700342121151137,0.5664251207729468,0.8898953301127214,0.822463768115942,0.6082930756843801
0,40,3,2,2,,0.7107204604133389,0.13302159970818875,0.7037633326625076,0.5283816425120773,0.8971417069243156,0.8132045088566827,0.6111111111111112
0,40,3,2,2,sqrt,0.7254138379369158,0.12605847051304003,0.7202656470114711,0.5654186795491143,0.8973429951690821,0.8321256038647343,0.6119162640901772
0,40,3,2,2,log2,0.7254138379369158,0.12605847051304003,0.7202656470114711,0.5654186795491143,0.8973429951690821,0.8321256038647343,0.6119162640901772
0,40,4,2,2,,0.7098745069673521,0.12801229258076147,0.7172469309720265,0.5307971014492754,0.8743961352657005,0.8200483091787439,0.6068840579710145
0,40,4,2,2,sqrt,0.7280304716942305,0.13199595792312024,0.7230831153149527,0.5587761674718197,0.9082125603864735,0.8389694041867954,0.6111111111111112
0,40,4,2,2,log2,0.7280304716942305,0.13199595792312024,0.7230831153149527,0.5587761674718197,0.9082125603864735,0.8389694041867954,0.6111111111111112
0,40,5,2,2,,0.7122090131115655,0.13265960399435509,0.7281143087140269,0.5229468599033816,0.8802334943639292,0.8236714975845411,0.6060789049919485
0,40,5,2,2,sqrt,0.7269835054633413,0.13531854335711369,0.7297242906017307,0.5446859903381642,0.9047906602254429,0.8433977455716586,0.6123188405797102
0,40,5,2,2,log2,0.7269835054633413,0.13531854335711369,0.7297242906017307,0.5446859903381642,0.9047906602254429,0.8433977455716586,0.6123188405797102
0,40,6,2,2,,0.7165566366545043,0.13502882146275175,0.7331455021131013,0.519122383252818,0.8798309178743962,0.8373590982286635,0.6133252818035426
0,40,6,2,2,sqrt,0.7278287540561464,0.1342264034812169,0.7337492453209902,0.5428743961352657,0.9003623188405797,0.8452093397745571,0.6169484702093397
0,40,6,2,2,log2,0.7278287540561464,0.1342264034812169,0.7337492453209902,0.5428743961352657,0.9003623188405797,0.8452093397745571,0.6169484702093397
0,40,7,2,2,,0.721064966722828,0.13020117202755124,0.7462266049506943,0.5279790660225443,0.8669484702093397,0.8446054750402576,0.6195652173913043
0,40,7,2,2,sqrt,0.7305659258092605,0.1358551445638048,0.7424028979673979,0.5446859903381642,0.9019726247987118,0.8506441223832528,0.6131239935587761
0,40,7,2,2,log2,0.7305659258092605,0.1358551445638048,0.7424028979673979,0.5446859903381642,0.9019726247987118,0.8506441223832528,0.6131239935587761
0,40,8,2,2,,0.7269824441326886,0.12798462173149017,0.7560877440128798,0.538647342995169,0.8689613526570048,0.8480273752012882,0.6231884057971014
0,40,8,2,2,sqrt,0.736080664694374,0.13413869434237335,0.7562889917488428,0.5466988727858293,0.8981481481481481,0.856682769726248,0.6225845410628019
0,40,8,2,2,log2,0.736080664694374,0.13413869434237335,0.7562889917488428,0.5466988727858293,0.8981481481481481,0.856682769726248,0.6225845410628019
0,40,9,2,2,,0.7372475288819668,0.12516014028215927,0.7713825719460656,0.5555555555555556,0.874597423510467,0.854669887278583,0.6300322061191627
0,40,9,2,2,sqrt,0.7446147110474637,0.1306927834105368,0.7705775810022137,0.5579710144927537,0.9001610305958132,0.8605072463768116,0.6338566827697263
0,40,9,2,2,log2,0.7446147110474637,0.1306927834105368,0.7705775810022137,0.5579710144927537,0.9001610305958132,0.8605072463768116,0.6338566827697263
0,40,10,2,2,,0.7469489255282915,0.12351196295011276,0.7886898772388811,0.5698470209339774,0.8838566827697263,0.856682769726248,0.6356682769726248
0,40,10,2,2,sqrt,0.7504516974646999,0.12581153088177227,0.7798349768565104,0.5742753623188406,0.8939210950080515,0.8675523349436393,0.6366747181964574
0,40,10,2,2,log2,0.7504516974646999,0.12581153088177227,0.7798349768565104,0.5742753623188406,0.8939210950080515,0.8675523349436393,0.6366747181964574
0,50,2,2,2,,0.6990057276207494,0.14221305191255884,0.6977259005836184,0.48691626409017713,0.8915056360708534,0.8065619967793881,0.6123188405797102
0,50,2,2,2,sqrt,0.7242868749208052,0.12540194909498886,0.7140269671966191,0.5698470209339774,0.8989533011272142,0.8291062801932367,0.6095008051529791
0,50,2,2,2,log2,0.7242868749208052,0.12540194909498886,0.7140269671966191,0.5698470209339774,0.8989533011272142,0.8291062801932367,0.6095008051529791
0,50,3,2,2,,0.7097542444314168,0.13056315585483405,0.7045683236063595,0.5301932367149759,0.8890901771336553,0.8144122383252818,0.6105072463768116
0,50,3,2,2,sqrt,0.7256151261816823,0.1266356762584118,0.7202656470114711,0.5656199677938808,0.8993558776167472,0.8317230273752013,0.6111111111111112
0,50,3,2,2,log2,0.7256151261816823,0.1266356762584118,0.7202656470114711,0.5656199677938808,0.8993558776167472,0.8317230273752013,0.6111111111111112
0,50,4,2,2,,0.7098745798831986,0.12838191578488095,0.7154357013483599,0.5328099838969405,0.8764090177133655,0.8202495974235104,0.6044685990338164
0,50,4,2,2,sqrt,0.7290771543634949,0.130195209012458,0.7234856107868787,0.5623993558776168,0.9066022544283414,0.839170692431562,0.6137278582930756
0,50,4,2,2,log2,0.7290771543634949,0.130195209012458,0.7234856107868787,0.5623993558776168,0.9066022544283414,0.839170692431562,0.6137278582930756
0,50,5,2,2,,0.7110817503303087,0.13250266214324408,0.7293217951298048,0.5213365539452496,0.8790257648953301,0.8206521739130435,0.605072463768116
0,50,5,2,2,sqrt,0.7267823630502674,0.1344834251593643,0.7261018313543972,0.5485104669887279,0.9053945249597424,0.8425925925925926,0.6113123993558777
0,50,5,2,2,log2,0.7267823630502674,0.1344834251593643,0.7261018313543972,0.5485104669887279,0.9053945249597424,0.8425925925925926,0.6113123993558777
0,50,6,2,2,,0.715872289029341,0.1349005205482105,0.7323405111692494,0.5185185185185185,0.8818438003220612,0.8331320450885669,0.6135265700483091
0,50,6,2,2,sqrt,0.7290766925631346,0.13405668435656706,0.734956731736768,0.5454911433172303,0.9017713365539453,0.8462157809983897,0.6169484702093397
0,50,6,2,2,log2,0.7290766925631346,0.13405668435656706,0.734956731736768,0.5454911433172303,0.9017713365539453,0.8462157809983897,0.6169484702093397
0,50,7,2,2,,0.7203001848173652,0.1309272595666162,0.7434091366472128,0.5261674718196457,0.8705716586151369,0.8417874396135265,0.6195652173913043
0,50,7,2,2,sqrt,0.7315321660964648,0.135037113972121,0.7409941638156571,0.5481078904991948,0.9027777777777778,0.8514492753623188,0.6143317230273752
0,50,7,2,2,log2,0.7315321660964648,0.135037113972121,0.7409941638156571,0.5481078904991948,0.9027777777777778,0.8514492753623188,0.6143317230273752
0,50,8,2,2,,0.7282304069449588,0.12834298725666007,0.7566914872207687,0.5400563607085346,0.8715780998389694,0.8492351046698873,0.6235909822866345
0,50,8,2,2,sqrt,0.7364027339877611,0.13350279091685624,0.7560877440128798,0.5485104669887279,0.8995571658615137,0.854669887278583,0.6231884057971014
0,50,8,2,2,log2,0.7364027339877611,0.13350279091685624,0.7560877440128798,0.5485104669887279,0.8995571658615137,0.854669887278583,0.6231884057971014
0,50,9,2,2,,0.737247553187249,0.12575839797334326,0.7707788287381767,0.55414653784219,0.8764090177133655,0.8542673107890499,0.6306360708534622
0,50,9,2,2,sqrt,0.7441719741301058,0.13046420279558107,0.7681626081706581,0.5607890499194848,0.8989533011272142,0.8625201288244766,0.6304347826086957
0,50,9,2,2,log2,0.7441719741301058,0.13046420279558107,0.7681626081706581,0.5607890499194848,0.8989533011272142,0.8625201288244766,0.6304347826086957
0,50,10,2,2,,0.7489617350601102,0.12280896644733631,0.7905011068625478,0.5748792270531401,0.8846618357487923,0.8590982286634461,0.6356682769726248
0,50,10,2,2,sqrt,0.7520217052650751,0.12534135821922687,0.7808412155363252,0.5770933977455717,0.8965378421900161,0.8673510466988728,0.6382850241545893
0,50,10,2,2,log2,0.7520217052650751,0.12534135821922687,0.7808412155363252,0.5770933977455717,0.8965378421900161,0.8673510466988728,0.6382850241545893
0,60,2,2,2,,0.69795910166381,0.14212138797544305,0.6959146709599517,0.4865136876006441,0.8902979066022544,0.8061594202898551,0.6109098228663447
0,60,2,2,2,sqrt,0.723240354286755,0.12556097311166273,0.7095995170054337,0.5692431561996779,0.8979468599033816,0.8301127214170693,0.6092995169082126
0,60,2,2,2,log2,0.723240354286755,0.12556097311166273,0.7095995170054337,0.5692431561996779,0.8979468599033816,0.8301127214170693,0.6092995169082126
0,60,3,2,2,,0.7092309517073488,0.1310791529729715,0.7031595894546186,0.5289855072463768,0.8894927536231884,0.8144122383252818,0.6101046698872786
0,60,3,2,2,sqrt,0.726500762051612,0.1267665260150905,0.721070637955323,0.5666264090177133,0.8995571658615137,0.8339371980676329,0.6113123993558777
0,60,3,2,2,log2,0.726500762051612,0.1267665260150905,0.721070637955323,0.5666264090177133,0.8995571658615137,0.8339371980676329,0.6113123993558777
0,60,4,2,2,,0.7102368744184961,0.12755385314282486,0.7160394445562488,0.5336151368760065,0.8747987117552335,0.8206521739130435,0.6060789049919485
0,60,4,2,2,sqrt,0.7288758337116856,0.13054157629688562,0.7242906017307306,0.5599838969404187,0.9049919484702094,0.840780998389694,0.6143317230273752
0,60,4,2,2,log2,0.7288758337116856,0.13054157629688562,0.7242906017307306,0.5599838969404187,0.9049919484702094,0.840780998389694,0.6143317230273752
0,60,5,2,2,,0.7107596891386825,0.13275333969626407,0.7293217951298048,0.5201288244766505,0.8794283413848631,0.8196457326892109,0.6052737520128825
0,60,5,2,2,sqrt,0.7277484413022576,0.1348656402134171,0.7287180519219159,0.5481078904991948,0.9072061191626409,0.842391304347826,0.6123188405797102
0,60,5,2,2,log2,0.7277484413022576,0.1348656402134171,0.7287180519219159,0.5481078904991948,0.9072061191626409,0.842391304347826,0.6123188405797102
0,60,6,2,2,,0.7152683999897593,0.13501199648471646,0.7329442543771383,0.5177133655394525,0.8812399355877617,0.8321256038647343,0.6123188405797102
0,60,6,2,2,sqrt,0.728553448449631,0.13347014201639443,0.7323405111692494,0.5483091787439613,0.9017713365539453,0.8454106280193237,0.6149355877616747
0,60,6,2,2,log2,0.728553448449631,0.13347014201639443,0.7323405111692494,0.5483091787439613,0.9017713365539453,0.8454106280193237,0.6149355877616747
0,60,7,2,2,,0.721024838702046,0.13056853584173467,0.7430066411752868,0.5285829307568438,0.8705716586151369,0.8435990338164251,0.6193639291465378
0,60,7,2,2,sqrt,0.7318139534356165,0.1348582499989683,0.741396659287583,0.5479066022544283,0.9023752012882448,0.8518518518518519,0.6155394524959742
0,60,7,2,2,log2,0.7318139534356165,0.1348582499989683,0.741396659287583,0.5479066022544283,0.9023752012882448,0.8518518518518519,0.6155394524959742
0,60,8,2,2,,0.727707057508566,0.12891662185131583,0.7566914872207687,0.5396537842190016,0.8721819645732689,0.8488325281803543,0.6211755233494364
0,60,8,2,2,sqrt,0.7360001655999888,0.13317031256289572,0.7558864962769168,0.5469001610305958,0.8977455716586151,0.8544685990338164,0.625
0,60,8,2,2,log2,0.7360001655999888,0.13317031256289572,0.7558864962769168,0.5469001610305958,0.8977455716586151,0.8544685990338164,0.625
0,60,9,2,2,,0.7369657172375329,0.12660007554302918,0.7715838196820286,0.5539452495974235,0.8774154589371981,0.8542673107890499,0.6276167471819646
0,60,9,2,2,sqrt,0.7446952992612166,0.13062370953808305,0.768766351378547,0.5593800322061192,0.8997584541062802,0.8625201288244766,0.6330515297906603
0,60,9,2,2,log2,0.7446952992612166,0.13062370953808305,0.768766351378547,0.5593800322061192,0.8997584541062802,0.8625201288244766,0.6330515297906603
0,60,10,2,2,,0.7484383046061103,0.12410844997431628,0.7925135842221775,0.572061191626409,0.8852657004830918,0.8584943639291466,0.6338566827697263
0,60,10,2,2,sqrt,0.7533098123016486,0.12638726875711045,0.7842624270476957,0.5762882447665056,0.8987520128824477,0.8685587761674718,0.6386876006441223
0,60,10,2,2,log2,0.7533098123016486,0.12638726875711045,0.7842624270476957,0.5762882447665056,0.8987520128824477,0.8685587761674718,0.6386876006441223
0,70,2,2,2,,0.6982409052064831,0.14227447559231302,0.6959146709599517,0.48691626409017713,0.8913043478260869,0.8061594202898551,0.6109098228663447
0,70,2,2,2,sqrt,0.7246490965402564,0.12612454826388964,0.7164419400281746,0.5684380032206119,0.9001610305958132,0.8291062801932367,0.6090982286634461
0,70,2,2,2,log2,0.7246490965402564,0.12612454826388964,0.7164419400281746,0.5684380032206119,0.9001610305958132,0.8291062801932367,0.6090982286634461
0,70,3,2,2,,0.71096202251058,0.13292974265134924,0.7033608371905816,0.5289855072463768,0.8969404186795491,0.8142109500805152,0.6113123993558777
0,70,3,2,2,sqrt,0.7265007458480908,0.1282203535689468,0.721473133427249,0.5642109500805152,0.9023752012882448,0.8337359098228664,0.6107085346215781
0,70,3,2,2,log2,0.7265007458480908,0.1282203535689468,0.721473133427249,0.5642109500805152,0.9023752012882448,0.8337359098228664,0.6107085346215781
0,70,4,2,2,,0.710357566347749,0.12819920126419207,0.7180519219158784,0.5318035426731079,0.875402576489533,0.820450885668277,0.6060789049919485
0,70,4,2,2,sqrt,0.7285940058637304,0.132135362077968,0.7248943449386195,0.5557568438003221,0.9061996779388084,0.8417874396135265,0.6143317230273752
0,70,4,2,2,log2,0.7285940058637304,0.132135362077968,0.7248943449386195,0.5557568438003221,0.9061996779388084,0.8417874396135265,0.6143317230273752
0,70,5,2,2,,0.7110012188288807,0.13314942831949325,0.7297242906017307,0.5185185185185185,0.8784219001610306,0.8218599033816425,0.6064814814814815
0,70,5,2,2,sqrt,0.7282314844791329,0.13486742871651908,0.7299255383376937,0.5481078904991948,0.9072061191626409,0.8429951690821256,0.6129227053140096
0,70,5,2,2,log2,0.7282314844791329,0.13486742871651908,0.7299255383376937,0.5481078904991948,0.9072061191626409,0.8429951690821256,0.6129227053140096
0,70,6,2,2,,0.7152683756844772,0.13549092998059453,0.7335479975850272,0.5171095008051529,0.8806360708534622,0.8337359098228664,0.6113123993558777
0,70,6,2,2,sqrt,0.7286742051929693,0.13410658411387444,0.7327430066411753,0.5464975845410628,0.9033816425120773,0.8448067632850241,0.6159420289855072
0,70,6,2,2,log2,0.7286742051929693,0.13410658411387444,0.7327430066411753,0.5464975845410628,0.9033816425120773,0.8448067632850241,0.6159420289855072
0,70,7,2,2,,0.7210247495826783,0.13106462359941282,0.7452203662708794,0.5277777777777778,0.8695652173913043,0.8446054750402576,0.6179549114331723
0,70,7,2,2,sqrt,0.7315321093841398,0.13509463420793144,0.7424028979673979,0.5473027375201288,0.9017713365539453,0.8518518518518519,0.6143317230273752
0,70,7,2,2,log2,0.7315321093841398,0.13509463420793144,0.7424028979673979,0.5473027375201288,0.9017713365539453,0.8518518518518519,0.6143317230273752
0,70,8,2,2,,0.7279082809392469,0.12820698372541017,0.7583014691084725,0.5404589371980676,0.8701690821256038,0.8488325281803543,0.6217793880837359
0,70,8,2,2,sqrt,0.737167653623156,0.13257062177429663,0.7554840008049909,0.5495169082125604,0.8997584541062802,0.8542673107890499,0.6268115942028986
0,70,8,2,2,log2,0.737167653623156,0.13257062177429663,0.7554840008049909,0.5495169082125604,0.8997584541062802,0.8542673107890499,0.6268115942028986
0,70,9,2,2,,0.7376500324556534,0.1263464765484192,0.7731938015697324,0.55414653784219,0.8772141706924316,0.8544685990338164,0.6292270531400966
0,70,9,2,2,sqrt,0.7454601378790043,0.13121151738189854,0.7701750855302878,0.5603864734299517,0.9009661835748792,0.8641304347826086,0.6316425120772947
0,70,9,2,2,log2,0.7454601378790043,0.13121151738189854,0.7701750855302878,0.5603864734299517,0.9009661835748792,0.8641304347826086,0.6316425120772947
0,70,10,2,2,,0.7483175883715752,0.12337067932816236,0.7911048500704367,0.5718599033816425,0.8834541062801933,0.8590982286634461,0.6360708534621579
0,70,10,2,2,sqrt,0.7530280573695397,0.12615987630857772,0.7830549406319179,0.5748792270531401,0.8975442834138486,0.8689613526570048,0.6407004830917874
0,70,10,2,2,log2,0.7530280573695397,0.12615987630857772,0.7830549406319179,0.5748792270531401,0.8975442834138486,0.8689613526570048,0.6407004830917874
0,80,2,2,2,,0.6979189007271817,0.14228081659835962,0.6945059368082109,0.48691626409017713,0.8911030595813204,0.8063607085346216,0.6107085346215781
0,80,2,2,2,sqrt,0.725051656826268,0.12615622015880246,0.7168444355001006,0.5692431561996779,0.8991545893719807,0.8315217391304348,0.6084943639291466
0,80,2,2,2,log2,0.725051656826268,0.12615622015880246,0.7168444355001006,0.5692431561996779,0.8991545893719807,0.8315217391304348,0.6084943639291466
0,80,3,2,2,,0.7086271193800922,0.13039391527502295,0.7023545985107668,0.5285829307568438,0.8882850241545893,0.8126006441223832,0.6113123993558777
0,80,3,2,2,sqrt,0.7267825817978066,0.12674442177525957,0.7206681424833971,0.5678341384863124,0.9005636070853462,0.8337359098228664,0.6111111111111112
0,80,3,2,2,log2,0.7267825817978066,0.12674442177525957,0.7206681424833971,0.5678341384863124,0.9005636070853462,0.8337359098228664,0.6111111111111112
0,80,4,2,2,,0.7103575825512704,0.1288803343895953,0.7176494264439525,0.5309983896940419,0.8760064412238325,0.821658615136876,0.605475040257649
0,80,4,2,2,sqrt,0.728674577873962,0.13134546706499353,0.7234856107868787,0.5583735909822867,0.9064009661835749,0.840780998389694,0.6143317230273752
0,80,4,2,2,log2,0.728674577873962,0.13134546706499353,0.7234856107868787,0.5583735909822867,0.9064009661835749,0.840780998389694,0.6143317230273752
0,80,5,2,2,,0.7101558568114257,0.13361966317410917,0.7285168041859529,0.518317230273752,0.8784219001610306,0.8218599033816425,0.6036634460547504
0,80,5,2,2,sqrt,0.7283120564893645,0.13479122068764285,0.7285168041859529,0.5481078904991948,0.9082125603864735,0.842391304347826,0.6143317230273752
0,80,5,2,2,log2,0.7283120564893645,0.13479122068764285,0.7285168041859529,0.5481078904991948,0.9082125603864735,0.842391304347826,0.6143317230273752
0,80,6,2,2,,0.7158319746680628,0.13481955886727381,0.7337492453209902,0.518317230273752,0.8800322061191627,0.8341384863123994,0.6129227053140096
0,80,6,2,2,sqrt,0.7285534241443488,0.134958050383868,0.7329442543771383,0.5450885668276972,0.9043880837359098,0.8452093397745571,0.6151368760064412
0,80,6,2,2,log2,0.7285534241443488,0.134958050383868,0.7329442543771383,0.5450885668276972,0.9043880837359098,0.8452093397745571,0.6151368760064412
0,80,7,2,2,,0.721266295476398,0.12997272173225605,0.7452203662708794,0.5297906602254429,0.8695652173913043,0.8427938808373591,0.6189613526570048
0,80,7,2,2,sqrt,0.7317736066672953,0.13494107216490436,0.7436103843831757,0.5485104669887279,0.9019726247987118,0.8514492753623188,0.6133252818035426
0,80,7,2,2,log2,0.7317736066672953,0.13494107216490436,0.7436103843831757,0.5485104669887279,0.9019726247987118,0.8514492753623188,0.6133252818035426
0,80,8,2,2,,0.7283108088182156,0.12883282047934042,0.7595089555242504,0.5398550724637681,0.8717793880837359,0.8488325281803543,0.6215780998389694
0,80,8,2,2,sqrt,0.7375701896038855,0.13206823867055567,0.7564902394848058,0.5511272141706924,0.8981481481481481,0.8556763285024155,0.6264090177133655
0,80,8,2,2,log2,0.7375701896038855,0.13206823867055567,0.7564902394848058,0.5511272141706924,0.8981481481481481,0.8556763285024155,0.6264090177133655
0,80,9,2,2,,0.7374889937580795,0.12698348659464664,0.7733950493056954,0.5535426731078905,0.8778180354267311,0.8548711755233495,0.6278180354267311
0,80,9,2,2,sqrt,0.7452185838835239,0.1310265619542554,0.7703763332662508,0.5621980676328503,0.9003623188405797,0.8641304347826086,0.6290257648953301
0,80,9,2,2,log2,0.7452185838835239,0.1310265619542554,0.7703763332662508,0.5621980676328503,0.9003623188405797,0.8641304347826086,0.6290257648953301
0,80,10,2,2,,0.7483980955677211,0.12332708961436042,0.7913060978063997,0.572061191626409,0.8834541062801933,0.8590982286634461,0.6360708534621579
0,80,10,2,2,sqrt,0.7532292483931778,0.1263388257600317,0.7854699134634735,0.5758856682769726,0.8971417069243156,0.8691626409017713,0.6384863123993558
0,80,10,2,2,log2,0.7532292483931778,0.1263388257600317,0.7854699134634735,0.5758856682769726,0.8971417069243156,0.8691626409017713,0.6384863123993558
0,90,2,2,2,,0.6978383773275143,0.1423686932590726,0.6947071845441739,0.4865136876006441,0.8911030595813204,0.8061594202898551,0.6107085346215781
0,90,2,2,2,sqrt,0.7254542171122796,0.1255258050969312,0.7172469309720265,0.5706521739130435,0.8995571658615137,0.8303140096618358,0.6095008051529791
0,90,2,2,2,log2,0.7254542171122796,0.1255258050969312,0.7172469309720265,0.5706521739130435,0.8995571658615137,0.8303140096618358,0.6095008051529791
0,90,3,2,2,,0.7085063707385144,0.13082493157626549,0.7017508553028778,0.5281803542673108,0.8882850241545893,0.8138083735909822,0.6105072463768116
0,90,3,2,2,sqrt,0.7258969621313983,0.12752549339756886,0.7194606560676192,0.5646135265700483,0.9001610305958132,0.8341384863123994,0.6111111111111112
0,90,3,2,2,log2,0.7258969621313983,0.12752549339756886,0.7194606560676192,0.5646135265700483,0.9001610305958132,0.8341384863123994,0.6111111111111112
0,90,4,2,2,,0.7108004166897566,0.1290112861096097,0.7176494264439525,0.5316022544283414,0.875402576489533,0.8240740740740741,0.6052737520128825
0,90,4,2,2,sqrt,0.728714786912351,0.131318505195022,0.7246930972026565,0.5579710144927537,0.9061996779388084,0.840378421900161,0.6143317230273752
0,90,4,2,2,log2,0.728714786912351,0.131318505195022,0.7246930972026565,0.5579710144927537,0.9061996779388084,0.840378421900161,0.6143317230273752
0,90,5,2,2,,0.7100350595592836,0.1336835994619154,0.7291205473938418,0.517914653784219,0.8784219001610306,0.821256038647343,0.6034621578099839
0,90,5,2,2,sqrt,0.7283925879907925,0.13442969952821512,0.7281143087140269,0.5491143317230274,0.907608695652174,0.8427938808373591,0.6143317230273752
0,90,5,2,2,log2,0.7283925879907925,0.13442969952821512,0.7281143087140269,0.5491143317230274,0.907608695652174,0.8427938808373591,0.6143317230273752
0,90,6,2,2,,0.714543705596275,0.13452697518567142,0.7343529885288791,0.5163043478260869,0.8768115942028986,0.8329307568438004,0.6123188405797102
0,90,6,2,2,sqrt,0.7287547285926367,0.1343326990218864,0.7325417589052123,0.5475040257648953,0.9035829307568438,0.8458132045088567,0.6143317230273752
0,90,6,2,2,log2,0.7287547285926367,0.1343326990218864,0.7325417589052123,0.5475040257648953,0.9035829307568438,0.8458132045088567,0.6143317230273752
0,90,7,2,2,,0.7209442342847717,0.1293130142252306,0.7452203662708794,0.5297906602254429,0.8675523349436393,0.842391304347826,0.6197665056360708
0,90,7,2,2,sqrt,0.7319346615683907,0.1351734424405538,0.7430066411752868,0.5479066022544283,0.9029790660225443,0.8514492753623188,0.6143317230273752
0,90,7,2,2,log2,0.7319346615683907,0.1351734424405538,0.7430066411752868,0.5479066022544283,0.9029790660225443,0.8514492753623188,0.6143317230273752
0,90,8,2,2,,0.7285121456735464,0.12822709888426573,0.7583014691084725,0.5414653784219001,0.8723832528180354,0.8482286634460547,0.6221819645732689
0,90,8,2,2,sqrt,0.7373689742749654,0.13176473472289463,0.7546790098611391,0.5513285024154589,0.8977455716586151,0.855877616747182,0.6272141706924316
0,90,8,2,2,log2,0.7373689742749654,0.13176473472289463,0.7546790098611391,0.5513285024154589,0.8977455716586151,0.855877616747182,0.6272141706924316
0,90,9,2,2,,0.7376902576975639,0.1258832379794658,0.7739987925135843,0.5551529790660226,0.8774154589371981,0.8528582930756844,0.6290257648953301
0,90,9,2,2,sqrt,0.7456211603730569,0.1307248134101103,0.7703763332662508,0.5634057971014492,0.9009661835748792,0.8639291465378421,0.6294283413848631
0,90,9,2,2,log2,0.7456211603730569,0.1307248134101103,0.7703763332662508,0.5634057971014492,0.9009661835748792,0.8639291465378421,0.6294283413848631
0,90,10,2,2,,0.748720172962869,0.1223677845785952,0.7909036023344738,0.5744766505636071,0.8828502415458938,0.8588969404186796,0.6364734299516909
0,90,10,2,2,sqrt,0.7533499484241913,0.12731060216915416,0.7872811430871403,0.5734702093397746,0.8965378421900161,0.8709742351046699,0.6384863123993558
0,90,10,2,2,log2,0.7533499484241913,0.12731060216915416,0.7872811430871403,0.5734702093397746,0.8965378421900161,0.8709742351046699,0.6384863123993558
0,100,2,2,2,,0.6981603656032943,0.14242244101434762,0.6965184141678407,0.4863123993558776,0.8911030595813204,0.8061594202898551,0.6107085346215781
0,100,2,2,2,sqrt,0.7258568017035734,0.12622487678031896,0.7170456832360635,0.5698470209339774,0.8987520128824477,0.8343397745571659,0.6092995169082126
0,100,2,2,2,log2,0.7258568017035734,0.12622487678031896,0.7170456832360635,0.5698470209339774,0.8987520128824477,0.8343397745571659,0.6092995169082126
0,100,3,2,2,,0.7085868779346602,0.1307673874795872,0.7019521030388408,0.5283816425120773,0.8882850241545893,0.8138083735909822,0.6105072463768116
0,100,3,2,2,sqrt,0.7261787413687892,0.12781857844840047,0.7200643992755081,0.5642109500805152,0.9007648953301127,0.8345410628019324,0.6113123993558777
0,100,3,2,2,log2,0.7261787413687892,0.12781857844840047,0.7200643992755081,0.5642109500805152,0.9007648953301127,0.8345410628019324,0.6113123993558777
0,100,4,2,2,,0.7107198527812859,0.128292463605001,0.7188569128597303,0.5320048309178744,0.874597423510467,0.8222624798711755,0.605877616747182
0,100,4,2,2,sqrt,0.7285940220672518,0.13197277406053498,0.7244918494666935,0.5569645732689211,0.9070048309178744,0.840780998389694,0.6137278582930756
0,100,4,2,2,log2,0.7285940220672518,0.13197277406053498,0.7244918494666935,0.5569645732689211,0.9070048309178744,0.840780998389694,0.6137278582930756
0,100,5,2,2,,0.7096325397820756,0.1328534759449803,0.727711813242101,0.518719806763285,0.8784219001610306,0.8188405797101449,0.6044685990338164
0,100,5,2,2,sqrt,0.728553586179563,0.13489929473382933,0.7289192996578788,0.5487117552334944,0.9078099838969405,0.8438003220611916,0.6135265700483091
0,100,5,2,2,log2,0.728553586179563,0.13489929473382933,0.7289192996578788,0.5487117552334944,0.9078099838969405,0.8438003220611916,0.6135265700483091
0,100,6,2,2,,0.7144229407511759,0.13483021855819527,0.7341517407929161,0.5154991948470209,0.8778180354267311,0.8321256038647343,0.6125201288244766
0,100,6,2,2,sqrt,0.7285936817933021,0.13401615598894567,0.7329442543771383,0.5466988727858293,0.9029790660225443,0.8448067632850241,0.6155394524959742
0,100,6,2,2,log2,0.7285936817933021,0.13401615598894567,0.7329442543771383,0.5466988727858293,0.9029790660225443,0.8448067632850241,0.6155394524959742
0,100,7,2,2,,0.7198170525211222,0.1295026813258933,0.7444153753270276,0.5283816425120773,0.8665458937198067,0.8413848631239935,0.6183574879227053
0,100,7,2,2,sqrt,0.7320956921642039,0.13475203346683443,0.7430066411752868,0.5487117552334944,0.9021739130434783,0.8518518518518519,0.6147342995169082
0,100,7,2,2,log2,0.7320956921642039,0.13475203346683443,0.7430066411752868,0.5487117552334944,0.9021739130434783,0.8518518518518519,0.6147342995169082
0,100,8,2,2,,0.7280289566649782,0.12819992746649475,0.7607164419400282,0.5408615136876006,0.8695652173913043,0.8484299516908212,0.6205716586151369
0,100,8,2,2,sqrt,0.73612106817502,0.13230217463053234,0.7526665325015094,0.5493156199677939,0.8977455716586151,0.8548711755233495,0.6260064412238325
0,100,8,2,2,log2,0.73612106817502,0.13230217463053234,0.7526665325015094,0.5493156199677939,0.8977455716586151,0.8548711755233495,0.6260064412238325
0,100,9,2,2,,0.7377707324866669,0.12636330286896136,0.775005031193399,0.5543478260869565,0.8776167471819646,0.8532608695652174,0.6286231884057971
0,100,9,2,2,sqrt,0.7456614747343352,0.12956593492561708,0.76896759911451,0.5654186795491143,0.8989533011272142,0.8645330112721417,0.6304347826086957
0,100,9,2,2,log2,0.7456614747343352,0.12956593492561708,0.76896759911451,0.5654186795491143,0.8989533011272142,0.8645330112721417,0.6304347826086957
0,100,10,2,2,,0.7487604306118223,0.12293312094642143,0.7909036023344738,0.5736714975845411,0.8830515297906603,0.8601046698872786,0.6360708534621579
0,100,10,2,2,sqrt,0.7526656170025494,0.1278042384995063,0.7860736566713624,0.572061191626409,0.8985507246376812,0.8687600644122383,0.6378824476650563
0,100,10,2,2,log2,0.7526656170025494,0.1278042384995063,0.7860736566713624,0.572061191626409,0.8985507246376812,0.8687600644122383,0.6378824476650563
0,110,2,2,2,,0.6980395926564344,0.14217979572314038,0.6965184141678407,0.4863123993558776,0.8902979066022544,0.8061594202898551,0.6109098228663447
0,110,2,2,2,sqrt,0.7255348215295541,0.12618276341876603,0.7150332058764339,0.5690418679549114,0.8989533011272142,0.8339371980676329,0.6107085346215781
0,110,2,2,2,log2,0.7255348215295541,0.12618276341876603,0.7150332058764339,0.5690418679549114,0.8989533011272142,0.8339371980676329,0.6107085346215781
0,110,3,2,2,,0.7091504121041601,0.13098128072838117,0.7037633326625076,0.5283816425120773,0.8888888888888888,0.8142109500805152,0.6105072463768116
0,110,3,2,2,sqrt,0.7266215836090363,0.12757775116802889,0.7198631515395452,0.5662238325281803,0.9019726247987118,0.8339371980676329,0.6111111111111112
0,110,3,2,2,log2,0.7266215836090363,0.12757775116802889,0.7198631515395452,0.5662238325281803,0.9019726247987118,0.8339371980676329,0.6111111111111112
0,110,4,2,2,,0.7104783392946088,0.12825250291992935,0.7180519219158784,0.5318035426731079,0.8747987117552335,0.821658615136876,0.6060789049919485
0,110,4,2,2,sqrt,0.7283122104228179,0.13187476862957706,0.7246930972026565,0.5561594202898551,0.9059983896940419,0.840780998389694,0.6139291465378421
0,110,4,2,2,log2,0.7283122104228179,0.13187476862957706,0.7246930972026565,0.5561594202898551,0.9059983896940419,0.840780998389694,0.6139291465378421
0,110,5,2,2,,0.7099143190194666,0.13349646463991585,0.7283155564499899,0.518317230273752,0.8804347826086957,0.8184380032206119,0.6040660225442834
0,110,5,2,2,sqrt,0.728835357315193,0.1348745737669457,0.7297242906017307,0.5487117552334944,0.9086151368760065,0.8429951690821256,0.6141304347826086
0,110,5,2,2,log2,0.728835357315193,0.1348745737669457,0.7297242906017307,0.5487117552334944,0.9086151368760065,0.8429951690821256,0.6141304347826086
0,110,6,2,2,,0.7151072316640141,0.13394890548225144,0.7363654658885087,0.5167069243156199,0.8768115942028986,0.8315217391304348,0.6141304347826086
0,110,6,2,2,sqrt,0.728915702476125,0.133131687574156,0.7339504930569531,0.5485104669887279,0.9015700483091788,0.8448067632850241,0.6157407407407407
0,110,6,2,2,log2,0.728915702476125,0.133131687574156,0.7339504930569531,0.5485104669887279,0.9015700483091788,0.8448067632850241,0.6157407407407407
0,110,7,2,2,,0.7199780993204568,0.12904067631323435,0.7440128798551017,0.5301932367149759,0.8663446054750402,0.84158615136876,0.6177536231884058
0,110,7,2,2,sqrt,0.7318541705757663,0.1345260932255132,0.7424028979673979,0.5471014492753623,0.9013687600644122,0.8514492753623188,0.6169484702093397
0,110,7,2,2,log2,0.7318541705757663,0.1345260932255132,0.7424028979673979,0.5471014492753623,0.9013687600644122,0.8514492753623188,0.6169484702093397
0,110,8,2,2,,0.727586203544099,0.12908142145702972,0.7587039645803985,0.538647342995169,0.8703703703703703,0.8494363929146538,0.6207729468599034
0,110,8,2,2,sqrt,0.7368859635051328,0.13148968843283965,0.7526665325015094,0.5519323671497585,0.8975442834138486,0.855475040257649,0.6268115942028986
0,110,8,2,2,log2,0.7368859635051328,0.13148968843283965,0.7526665325015094,0.5519323671497585,0.8975442834138486,0.855475040257649,0.6268115942028986
0,110,9,2,2,,0.7382537594600209,0.12653787603232458,0.7766150130811028,0.5547504025764896,0.8770128824476651,0.854669887278583,0.6282206119162641
0,110,9,2,2,sqrt,0.7455809756399499,0.12957106809024618,0.768565103642584,0.5644122383252818,0.8987520128824477,0.8645330112721417,0.6316425120772947
0,110,9,2,2,log2,0.7455809756399499,0.12957106809024618,0.768565103642584,0.5644122383252818,0.8987520128824477,0.8645330112721417,0.6316425120772947
0,110,10,2,2,,0.7483578703258107,0.12234598529454489,0.7905011068625478,0.572463768115942,0.8822463768115942,0.8582930756843801,0.6382850241545893
0,110,10,2,2,sqrt,0.7528668404332304,0.12767871280782742,0.7876836385590662,0.5730676328502415,0.8985507246376812,0.8681561996779388,0.6368760064412239
0,110,10,2,2,log2,0.7528668404332304,0.12767871280782742,0.7876836385590662,0.5730676328502415,0.8985507246376812,0.8681561996779388,0.6368760064412239
0,120,2,2,2,,0.698361653848061,0.142248668479997,0.6965184141678407,0.48691626409017713,0.8911030595813204,0.8063607085346216,0.6109098228663447
0,120,2,2,2,sqrt,0.7258568341106163,0.12602659491667803,0.7162406922922118,0.5692431561996779,0.8991545893719807,0.8335346215780999,0.6111111111111112
0,120,2,2,2,log2,0.7258568341106163,0.12602659491667803,0.7162406922922118,0.5692431561996779,0.8991545893719807,0.8335346215780999,0.6111111111111112
0,120,3,2,2,,0.7093919660996406,0.131314180018623,0.7035620849265446,0.5287842190016103,0.8913043478260869,0.8128019323671497,0.6105072463768116
0,120,3,2,2,sqrt,0.7268631214009954,0.12778227488232707,0.7200643992755081,0.5656199677938808,0.9025764895330113,0.8341384863123994,0.6119162640901772
0,120,3,2,2,log2,0.7268631214009954,0.12778227488232707,0.7200643992755081,0.5656199677938808,0.9025764895330113,0.8341384863123994,0.6119162640901772
0,120,4,2,2,,0.7105588302872333,0.12864597923647708,0.7186556651237673,0.5307971014492754,0.8752012882447665,0.8218599033816425,0.606280193236715
0,120,4,2,2,sqrt,0.7273863007004134,0.1326185781664176,0.7242906017307306,0.552938808373591,0.9059983896940419,0.839975845410628,0.6137278582930756
0,120,4,2,2,log2,0.7273863007004134,0.1326185781664176,0.7242906017307306,0.552938808373591,0.9059983896940419,0.839975845410628,0.6137278582930756
0,120,5,2,2,,0.7101558163026223,0.13344927861771985,0.7295230428657677,0.5193236714975845,0.8802334943639292,0.8188405797101449,0.6028582930756844
0,120,5,2,2,sqrt,0.7280705024938839,0.13542189883522152,0.7287180519219159,0.5466988727858293,0.908011272141707,0.8433977455716586,0.6135265700483091
0,120,5,2,2,log2,0.7280705024938839,0.13542189883522152,0.7287180519219159,0.5466988727858293,0.908011272141707,0.8433977455716586,0.6135265700483091
0,120,6,2,2,,0.7155098729676328,0.1345373003376739,0.734755484000805,0.5167069243156199,0.8788244766505636,0.8327294685990339,0.6145330112721417
0,120,6,2,2,sqrt,0.7290766601560918,0.13416423978215794,0.7357617226806198,0.5464975845410628,0.9017713365539453,0.8464170692431562,0.6149355877616747
0,120,6,2,2,log2,0.7290766601560918,0.13416423978215794,0.7357617226806198,0.5464975845410628,0.9017713365539453,0.8464170692431562,0.6149355877616747
0,120,7,2,2,,0.7206624388438593,0.1293170827612486,0.7450191185349165,0.5301932367149759,0.8679549114331723,0.84158615136876,0.6185587761674718
0,120,7,2,2,sqrt,0.7324982362466941,0.13468342949617831,0.7438116321191387,0.5477053140096618,0.9015700483091788,0.8526570048309179,0.6167471819645732
0,120,7,2,2,log2,0.7324982362466941,0.13468342949617831,0.7438116321191387,0.5477053140096618,0.9015700483091788,0.8526570048309179,0.6167471819645732
0,120,8,2,2,,0.7279485466899608,0.12916061794114514,0.7581002213725095,0.5392512077294686,0.8707729468599034,0.8506441223832528,0.6209742351046699
0,120,8,2,2,sqrt,0.7368859148945687,0.13207485795413726,0.7538740189172872,0.5505233494363929,0.8983494363929146,0.855072463768116,0.626610305958132
0,120,8,2,2,log2,0.7368859148945687,0.13207485795413726,0.7538740189172872,0.5505233494363929,0.8983494363929146,0.855072463768116,0.626610305958132
0,120,9,2,2,,0.737730466735953,0.12632859426168688,0.775206278929362,0.5543478260869565,0.8764090177133655,0.8542673107890499,0.6284219001610306
0,120,9,2,2,sqrt,0.7449771190074111,0.1303312328312096,0.768363855906621,0.5628019323671497,0.8993558776167472,0.8641304347826086,0.6302334943639292
0,120,9,2,2,log2,0.7449771190074111,0.1303312328312096,0.768363855906621,0.5628019323671497,0.8993558776167472,0.8641304347826086,0.6302334943639292
0,120,10,2,2,,0.7488409297062074,0.1230721438166165,0.7913060978063997,0.5726650563607085,0.8832528180354268,0.8599033816425121,0.6370772946859904
0,120,10,2,2,sqrt,0.7522629432918879,0.12781714453385232,0.7884886295029181,0.5718599033816425,0.8971417069243156,0.8677536231884058,0.6360708534621579
0,120,10,2,2,log2,0.7522629432918879,0.12781714453385232,0.7884886295029181,0.5718599033816425,0.8971417069243156,0.8677536231884058,0.6360708534621579
0,130,2,2,2,,0.6981201079543411,0.1420599369514138,0.6965184141678407,0.4867149758454106,0.8902979066022544,0.8061594202898551,0.6109098228663447
0,130,2,2,2,sqrt,0.72541399997213,0.12764407602650127,0.7162406922922118,0.5662238325281803,0.9013687600644122,0.8335346215780999,0.6097020933977456
0,130,2,2,2,log2,0.72541399997213,0.12764407602650127,0.7162406922922118,0.5662238325281803,0.9013687600644122,0.8335346215780999,0.6097020933977456
0,130,3,2,2,,0.7088283509125337,0.1306367910658482,0.7037633326625076,0.5285829307568438,0.8888888888888888,0.8123993558776168,0.6105072463768116
0,130,3,2,2,sqrt,0.7266215836090363,0.12801729575645363,0.7198631515395452,0.5646135265700483,0.9023752012882448,0.8343397745571659,0.6119162640901772
0,130,3,2,2,log2,0.7266215836090363,0.12801729575645363,0.7198631515395452,0.5646135265700483,0.9023752012882448,0.8343397745571659,0.6119162640901772
0,130,4,2,2,,0.7106795951323326,0.12860362445981444,0.7188569128597303,0.5311996779388084,0.8752012882447665,0.822061191626409,0.6060789049919485
0,130,4,2,2,sqrt,0.7274265745528881,0.13253069433642847,0.7238881062588046,0.5535426731078905,0.9059983896940419,0.8401771336553945,0.6135265700483091
0,130,4,2,2,log2,0.7274265745528881,0.13253069433642847,0.7238881062588046,0.5535426731078905,0.9059983896940419,0.8401771336553945,0.6135265700483091
0,130,5,2,2,,0.7102363640075715,0.133695311472305,0.7287180519219159,0.519122383252818,0.8814412238325282,0.8186392914653784,0.6032608695652174
0,130,5,2,2,sqrt,0.7283523060365571,0.1359277959245359,0.7287180519219159,0.5454911433172303,0.908816425120773,0.8442028985507246,0.6145330112721417
0,130,5,2,2,log2,0.7283523060365571,0.1359277959245359,0.7287180519219159,0.5454911433172303,0.908816425120773,0.8442028985507246,0.6145330112721417
0,130,6,2,2,,0.7155500901077826,0.1341898560016183,0.7357617226806198,0.5167069243156199,0.8782206119162641,0.8319243156199678,0.6151368760064412
0,130,6,2,2,sqrt,0.7288350980588506,0.13379288968780206,0.7361642181525457,0.5471014492753623,0.9013687600644122,0.8452093397745571,0.6143317230273752
0,130,6,2,2,log2,0.7288350980588506,0.13379288968780206,0.7361642181525457,0.5471014492753623,0.9013687600644122,0.8452093397745571,0.6143317230273752
0,130,7,2,2,,0.7205819073424312,0.1292587029370003,0.7454216140068424,0.5303945249597424,0.8687600644122383,0.8401771336553945,0.6181561996779388
0,130,7,2,2,sqrt,0.7321761588515463,0.13472713304912554,0.7442141275910646,0.5469001610305958,0.9019726247987118,0.8510466988727858,0.6167471819645732
0,130,7,2,2,log2,0.7321761588515463,0.13472713304912554,0.7442141275910646,0.5469001610305958,0.9019726247987118,0.8510466988727858,0.6167471819645732
0,130,8,2,2,,0.7281498025276845,0.128706002682993,0.7589052123163614,0.5400563607085346,0.8707729468599034,0.8496376811594203,0.6213768115942029
0,130,8,2,2,sqrt,0.736765133845948,0.13232080644684172,0.7540752666532502,0.5503220611916264,0.8985507246376812,0.855072463768116,0.625805152979066
0,130,8,2,2,log2,0.736765133845948,0.13232080644684172,0.7540752666532502,0.5503220611916264,0.8985507246376812,0.855072463768116,0.625805152979066
0,130,9,2,2,,0.7380525360293401,0.1254422711196855,0.775005031193399,0.5565619967793881,0.8760064412238325,0.8538647342995169,0.6288244766505636
0,130,9,2,2,sqrt,0.7447758388644055,0.13028285287436167,0.7681626081706581,0.5617954911433173,0.8993558776167472,0.8633252818035426,0.6312399355877617
0,130,9,2,2,log2,0.7447758388644055,0.13028285287436167,0.7681626081706581,0.5617954911433173,0.8993558776167472,0.8633252818035426,0.6312399355877617
0,130,10,2,2,,0.748237064971908,0.12283677015266713,0.7913060978063997,0.572061191626409,0.8820450885668277,0.8588969404186796,0.6368760064412239
0,130,10,2,2,sqrt,0.7528264774613878,0.12761433562541744,0.7902998591265848,0.572463768115942,0.8973429951690821,0.8673510466988728,0.6366747181964574
0,130,10,2,2,log2,0.7528264774613878,0.12761433562541744,0.7902998591265848,0.572463768115942,0.8973429951690821,0.8673510466988728,0.6366747181964574
0,140,2,2,2,,0.6980798503053878,0.14208467169767905,0.6965184141678407,0.4867149758454106,0.8902979066022544,0.8061594202898551,0.6107085346215781
0,140,2,2,2,sqrt,0.7255750224661824,0.12734950339360834,0.7164419400281746,0.5668276972624798,0.9013687600644122,0.8331320450885669,0.6101046698872786
0,140,2,2,2,log2,0.7255750224661824,0.12734950339360834,0.7164419400281746,0.5668276972624798,0.9013687600644122,0.8331320450885669,0.6101046698872786
0,140,3,2,2,,0.708868608561487,0.1306687289025745,0.7037633326625076,0.5285829307568438,0.8888888888888888,0.8126006441223832,0.6105072463768116
0,140,3,2,2,sqrt,0.7270643853404797,0.1276316106970728,0.7206681424833971,0.5666264090177133,0.9025764895330113,0.8341384863123994,0.6113123993558777
0,140,3,2,2,log2,0.7270643853404797,0.1276316106970728,0.7206681424833971,0.5666264090177133,0.9025764895330113,0.8341384863123994,0.6113123993558777
0,140,4,2,2,,0.7109211653313345,0.12829030955108126,0.7182531696518414,0.532608695652174,0.875402576489533,0.8222624798711755,0.6060789049919485
0,140,4,2,2,sqrt,0.72766814475189,0.13255902687125606,0.7232843630509157,0.5535426731078905,0.9066022544283414,0.840378421900161,0.6145330112721417
0,140,4,2,2,log2,0.72766814475189,0.13255902687125606,0.7232843630509157,0.5535426731078905,0.9066022544283414,0.840378421900161,0.6145330112721417
0,140,5,2,2,,0.7103973783998634,0.13343060946907762,0.7291205473938418,0.5193236714975845,0.8808373590982287,0.8188405797101449,0.6038647342995169
0,140,5,2,2,sqrt,0.7286341257827517,0.13501133133670676,0.7283155564499899,0.5483091787439613,0.9082125603864735,0.8440016103059581,0.6143317230273752
0,140,5,2,2,log2,0.7286341257827517,0.13501133133670676,0.7283155564499899,0.5483091787439613,0.9082125603864735,0.8440016103059581,0.6143317230273752
0,140,6,2,2,,0.7156305729986462,0.13445125249519302,0.7365667136244717,0.5157004830917874,0.8786231884057971,0.8315217391304348,0.6157407407407407
0,140,6,2,2,sqrt,0.7293584474952435,0.13388906614480486,0.7361642181525457,0.5466988727858293,0.9023752012882448,0.8454106280193237,0.6161433172302737
0,140,6,2,2,log2,0.7293584474952435,0.13388906614480486,0.7361642181525457,0.5466988727858293,0.9023752012882448,0.8454106280193237,0.6161433172302737
0,140,7,2,2,,0.7203805704871005,0.12992443888378355,0.7466291004226202,0.5293880837359098,0.8685587761674718,0.840780998389694,0.6165458937198067
0,140,7,2,2,sqrt,0.731572342727811,0.13541108738866814,0.7430066411752868,0.5460950080515298,0.9023752012882448,0.8514492753623188,0.6149355877616747
0,140,7,2,2,log2,0.731572342727811,0.13541108738866814,0.7430066411752868,0.5460950080515298,0.9023752012882448,0.8514492753623188,0.6149355877616747
0,140,8,2,2,,0.7284718151087467,0.1287713561300459,0.7601126987321393,0.5406602254428341,0.8709742351046699,0.8498389694041868,0.6207729468599034
0,140,8,2,2,sqrt,0.7371676698266774,0.1323064538499276,0.755081505333065,0.5509259259259259,0.8983494363929146,0.855877616747182,0.6256038647342995
0,140,8,2,2,log2,0.7371676698266774,0.1323064538499276,0.755081505333065,0.5509259259259259,0.8983494363929146,0.855877616747182,0.6256038647342995
0,140,9,2,2,,0.7380122216680618,0.12661976106646897,0.7764137653451398,0.55414653784219,0.8768115942028986,0.8544685990338164,0.6282206119162641
0,140,9,2,2,sqrt,0.745299115384952,0.13041146938128226,0.7699738377943248,0.5626006441223832,0.8993558776167472,0.8641304347826086,0.6304347826086957
0,140,9,2,2,log2,0.745299115384952,0.13041146938128226,0.7699738377943248,0.5626006441223832,0.8993558776167472,0.8641304347826086,0.6304347826086957
0,140,10,2,2,,0.7488409054009254,0.12342051763412265,0.7919098410142886,0.5718599033816425,0.8842592592592593,0.8590982286634461,0.6370772946859904
0,140,10,2,2,sqrt,0.7526252459289463,0.1278474814513009,0.788891124974844,0.5730676328502415,0.8975442834138486,0.8683574879227053,0.6352657004830918
0,140,10,2,2,log2,0.7526252459289463,0.1278474814513009,0.788891124974844,0.5730676328502415,0.8975442834138486,0.8683574879227053,0.6352657004830918
0,150,2,2,2,,0.6982811385501544,0.14224288749376587,0.6965184141678407,0.48691626409017713,0.8911030595813204,0.8061594202898551,0.6107085346215781
0,150,2,2,2,sqrt,0.7256958278200851,0.12740417976598417,0.7156369490843228,0.5672302737520128,0.9017713365539453,0.8335346215780999,0.6103059581320451
0,150,2,2,2,log2,0.7256958278200851,0.12740417976598417,0.7156369490843228,0.5672302737520128,0.9017713365539453,0.8335346215780999,0.6103059581320451
0,150,3,2,2,,0.708828342810773,0.13069082663990503,0.7039645803984705,0.5283816425120773,0.8888888888888888,0.8123993558776168,0.6105072463768116
0,150,3,2,2,sqrt,0.7266618736650323,0.12755325611047888,0.7190581605956933,0.5658212560386473,0.9017713365539453,0.8345410628019324,0.6121175523349437
0,150,3,2,2,log2,0.7266618736650323,0.12755325611047888,0.7190581605956933,0.5658212560386473,0.9017713365539453,0.8345410628019324,0.6121175523349437
0,150,4,2,2,,0.7111626464109687,0.12829185367897186,0.7198631515395452,0.532608695652174,0.8752012882447665,0.8222624798711755,0.605877616747182
0,150,4,2,2,sqrt,0.7277486762533181,0.13226055318023322,0.7228818675789898,0.5553542673107891,0.9066022544283414,0.840378421900161,0.6135265700483091
0,150,4,2,2,log2,0.7277486762533181,0.13226055318023322,0.7228818675789898,0.5553542673107891,0.9066022544283414,0.840378421900161,0.6135265700483091
0,150,5,2,2,,0.7103973865016241,0.1332175614509451,0.7289192996578788,0.5201288244766505,0.8800322061191627,0.8196457326892109,0.6032608695652174
0,150,5,2,2,sqrt,0.7283523384435999,0.13509731490514384,0.727913060978064,0.5469001610305958,0.908011272141707,0.8435990338164251,0.6153381642512077
0,150,5,2,2,log2,0.7283523384435999,0.13509731490514384,0.727913060978064,0.5469001610305958,0.908011272141707,0.8435990338164251,0.6153381642512077
0,150,6,2,2,,0.7153890838172515,0.13385955723031684,0.735157979472731,0.5167069243156199,0.8770128824476651,0.8323268921095008,0.6157407407407407
0,150,6,2,2,sqrt,0.7293986889406753,0.13407682630459936,0.7365667136244717,0.5471014492753623,0.9021739130434783,0.8462157809983897,0.6149355877616747
0,150,6,2,2,log2,0.7293986889406753,0.13407682630459936,0.7365667136244717,0.5471014492753623,0.9021739130434783,0.8462157809983897,0.6149355877616747
0,150,7,2,2,,0.7208636703763008,0.12969278741349116,0.7464278526866572,0.5309983896940419,0.8683574879227053,0.8421900161030595,0.6163446054750402
0,150,7,2,2,sqrt,0.7315321336894219,0.1348918747005599,0.741799154759509,0.5464975845410628,0.9013687600644122,0.8518518518518519,0.6161433172302737
0,150,7,2,2,log2,0.7315321336894219,0.1348918747005599,0.741799154759509,0.5464975845410628,0.9013687600644122,0.8518518518518519,0.6161433172302737
0,150,8,2,2,,0.7282705025586981,0.1288930566472318,0.7607164419400282,0.5402576489533011,0.8705716586151369,0.8496376811594203,0.6201690821256038
0,150,8,2,2,sqrt,0.7372884184682552,0.1330506287337974,0.7556852485409539,0.5495169082125604,0.8995571658615137,0.8560789049919485,0.6256038647342995
0,150,8,2,2,log2,0.7372884184682552,0.1330506287337974,0.7556852485409539,0.5495169082125604,0.8995571658615137,0.8560789049919485,0.6256038647342995
0,150,9,2,2,,0.7375292027964685,0.12650017313028433,0.7746025357214731,0.5543478260869565,0.876207729468599,0.8548711755233495,0.6276167471819646
0,150,9,2,2,sqrt,0.7455406693804325,0.1305915624126109,0.7697725900583618,0.5621980676328503,0.8999597423510467,0.8645330112721417,0.6312399355877617
0,150,9,2,2,log2,0.7455406693804325,0.1305915624126109,0.7697725900583618,0.5621980676328503,0.8999597423510467,0.8645330112721417,0.6312399355877617
0,150,10,2,2,,0.7481162839232873,0.12338240585935652,0.7915073455423627,0.5714573268921095,0.8828502415458938,0.8588969404186796,0.6358695652173914
0,150,10,2,2,sqrt,0.7527862603212381,0.1272473278297123,0.78929362044677,0.5744766505636071,0.8965378421900161,0.8683574879227053,0.6352657004830918
0,150,10,2,2,log2,0.7527862603212381,0.1272473278297123,0.78929362044677,0.5744766505636071,0.8965378421900161,0.8683574879227053,0.6352657004830918
0,160,2,2,2,,0.6980798503053878,0.14197033330354736,0.6965184141678407,0.48691626409017713,0.8900966183574879,0.8061594202898551,0.6107085346215781
0,160,2,2,2,sqrt,0.7246088875018675,0.12781192406865263,0.7152344536123969,0.5662238325281803,0.9009661835748792,0.8329307568438004,0.6076892109500805
0,160,2,2,2,log2,0.7246088875018675,0.12781192406865263,0.7152344536123969,0.5662238325281803,0.9009661835748792,0.8329307568438004,0.6076892109500805
0,160,3,2,2,,0.708868608561487,0.13074126605290204,0.7037633326625076,0.5283816425120773,0.8892914653784219,0.8121980676328503,0.6107085346215781
0,160,3,2,2,sqrt,0.7265813583671257,0.12770580794336844,0.7190581605956933,0.5650161030595813,0.9019726247987118,0.8343397745571659,0.6125201288244766
0,160,3,2,2,log2,0.7265813583671257,0.12770580794336844,0.7190581605956933,0.5650161030595813,0.9019726247987118,0.8343397745571659,0.6125201288244766
0,160,4,2,2,,0.7110419139729123,0.1284514579725553,0.7188569128597303,0.5320048309178744,0.8756038647342995,0.8222624798711755,0.6064814814814815
0,160,4,2,2,sqrt,0.7273461240690672,0.13184005579839064,0.7222781243711008,0.5557568438003221,0.9057971014492754,0.839573268921095,0.6133252818035426
0,160,4,2,2,log2,0.7273461240690672,0.13184005579839064,0.7222781243711008,0.5557568438003221,0.9057971014492754,0.839573268921095,0.6133252818035426
0,160,5,2,2,,0.7106389080900618,0.13312760449395614,0.7295230428657677,0.5207326892109501,0.8800322061191627,0.8198470209339774,0.6030595813204509
0,160,5,2,2,sqrt,0.7279900196030203,0.1353092739490466,0.727913060978064,0.5458937198067633,0.9074074074074074,0.8438003220611916,0.6149355877616747
0,160,5,2,2,log2,0.7279900196030203,0.1353092739490466,0.727913060978064,0.5458937198067633,0.9074074074074074,0.8438003220611916,0.6149355877616747
0,160,6,2,2,,0.7154293414662047,0.13378982200509465,0.735157979472731,0.5167069243156199,0.8764090177133655,0.8329307568438004,0.6159420289855072
0,160,6,2,2,sqrt,0.7292779402990975,0.13361184011767366,0.7359629704165828,0.5477053140096618,0.9015700483091788,0.8458132045088567,0.6153381642512077
0,160,6,2,2,log2,0.7292779402990975,0.13361184011767366,0.7359629704165828,0.5477053140096618,0.9015700483091788,0.8458132045088567,0.6153381642512077
0,160,7,2,2,,0.7209844352214,0.1292690380862345,0.7466291004226202,0.5320048309178744,0.8677536231884058,0.8421900161030595,0.6163446054750402
0,160,7,2,2,sqrt,0.7316126408855679,0.13484869583003398,0.742000402495472,0.5473027375201288,0.9013687600644122,0.8520531400966184,0.6153381642512077
0,160,7,2,2,log2,0.7316126408855679,0.13484869583003398,0.742000402495472,0.5473027375201288,0.9013687600644122,0.8520531400966184,0.6153381642512077
0,160,8,2,2,,0.7285119998418537,0.12889609621515177,0.761923928355806,0.5398550724637681,0.8693639291465378,0.8506441223832528,0.6207729468599034
0,160,8,2,2,sqrt,0.7370871302234887,0.1327240378993469,0.7556852485409539,0.5501207729468599,0.8983494363929146,0.856280193236715,0.625
0,160,8,2,2,log2,0.7370871302234887,0.1327240378993469,0.7556852485409539,0.5501207729468599,0.8983494363929146,0.856280193236715,0.625
0,160,9,2,2,,0.7379719640191085,0.12663651745464197,0.7764137653451398,0.5547504025764896,0.876207729468599,0.8552737520128825,0.6272141706924316
0,160,9,2,2,sqrt,0.7453393568303838,0.13042129686342363,0.7703763332662508,0.5619967793880838,0.8987520128824477,0.8645330112721417,0.6310386473429952
0,160,9,2,2,log2,0.7453393568303838,0.13042129686342363,0.7703763332662508,0.5619967793880838,0.8987520128824477,0.8645330112721417,0.6310386473429952
0,160,10,2,2,,0.7485992946931199,0.12360337775133305,0.7935198229019923,0.5706521739130435,0.8826489533011272,0.8592995169082126,0.6368760064412239
0,160,10,2,2,sqrt,0.7535913646897399,0.12673756227655758,0.7905011068625478,0.5758856682769726,0.8981481481481481,0.8667471819645732,0.6366747181964574
0,160,10,2,2,log2,0.7535913646897399,0.12673756227655758,0.7905011068625478,0.5758856682769726,0.8981481481481481,0.8667471819645732,0.6366747181964574
0,170,2,2,2,,0.6983616538480609,0.1421232871902021,0.6965184141678407,0.48731884057971014,0.8911030595813204,0.8061594202898551,0.6107085346215781
0,170,2,2,2,sqrt,0.7249309324899725,0.12790365334000656,0.7156369490843228,0.5660225442834138,0.9011674718196457,0.8335346215780999,0.6082930756843801
0,170,2,2,2,log2,0.7249309324899725,0.12790365334000656,0.7156369490843228,0.5660225442834138,0.9011674718196457,0.8335346215780999,0.6082930756843801
0,170,3,2,2,,0.7087075860674346,0.1305509553927279,0.7035620849265446,0.5285829307568438,0.8886876006441223,0.8121980676328503,0.6105072463768116
0,170,3,2,2,sqrt,0.7266618898685537,0.1278026464348836,0.7186556651237673,0.5656199677938808,0.9019726247987118,0.8351449275362319,0.6119162640901772
0,170,3,2,2,log2,0.7266618898685537,0.1278026464348836,0.7186556651237673,0.5656199677938808,0.9019726247987118,0.8351449275362319,0.6119162640901772
0,170,4,2,2,,0.7105185888418014,0.1285612872652627,0.7182531696518414,0.5311996779388084,0.8752012882447665,0.8218599033816425,0.6060789049919485
0,170,4,2,2,sqrt,0.7275876132504621,0.1316916993848936,0.7236868585228416,0.5551529790660226,0.9055958132045089,0.839170692431562,0.6143317230273752
0,170,4,2,2,log2,0.7275876132504621,0.1316916993848936,0.7236868585228416,0.5551529790660226,0.9055958132045089,0.839170692431562,0.6143317230273752
0,170,5,2,2,,0.7105584414027194,0.13339291263183856,0.7283155564499899,0.519927536231884,0.8800322061191627,0.82085346215781,0.6036634460547504
0,170,5,2,2,sqrt,0.7277484737093005,0.1354764571912806,0.727913060978064,0.5450885668276972,0.907608695652174,0.8431964573268921,0.6149355877616747
0,170,5,2,2,log2,0.7277484737093005,0.1354764571912806,0.727913060978064,0.5450885668276972,0.907608695652174,0.8431964573268921,0.6149355877616747
0,170,6,2,2,,0.7148657505843798,0.13470667622185722,0.734755484000805,0.5157004830917874,0.8768115942028986,0.8337359098228664,0.6133252818035426
0,170,6,2,2,sqrt,0.7287143818243156,0.1338945034185104,0.734755484000805,0.5464975845410628,0.9011674718196457,0.8460144927536232,0.6151368760064412
0,170,6,2,2,log2,0.7287143818243156,0.1338945034185104,0.734755484000805,0.5464975845410628,0.9011674718196457,0.8460144927536232,0.6151368760064412
0,170,7,2,2,,0.7212662468658338,0.12976227894644154,0.7464278526866572,0.5318035426731079,0.8685587761674718,0.8433977455716586,0.6161433172302737
0,170,7,2,2,sqrt,0.7319346939754335,0.13494160494016136,0.7422016502314349,0.5471014492753623,0.9017713365539453,0.8524557165861514,0.6161433172302737
0,170,7,2,2,log2,0.7319346939754335,0.13494160494016136,0.7422016502314349,0.5471014492753623,0.9017713365539453,0.8524557165861514,0.6161433172302737
0,170,8,2,2,,0.7288340772370014,0.128549052896319,0.7615214328838801,0.5410628019323671,0.8699677938808373,0.8504428341384863,0.6211755233494364
0,170,8,2,2,sqrt,0.7365638456011814,0.1326124335758772,0.7540752666532502,0.5495169082125604,0.8979468599033816,0.855877616747182,0.625402576489533
0,170,8,2,2,log2,0.7365638456011814,0.1326124335758772,0.7540752666532502,0.5495169082125604,0.8979468599033816,0.855877616747182,0.625402576489533
0,170,9,2,2,,0.7375291460841435,0.12684352803935156,0.7760112698732139,0.5535426731078905,0.8760064412238325,0.8548711755233495,0.6272141706924316
0,170,9,2,2,sqrt,0.7452990910796699,0.13035383157666047,0.7705775810022137,0.5626006441223832,0.8985507246376812,0.8645330112721417,0.6302334943639292
0,170,9,2,2,log2,0.7452990910796699,0.13035383157666047,0.7705775810022137,0.5626006441223832,0.8985507246376812,0.8645330112721417,0.6302334943639292
0,170,10,2,2,,0.7484382965043495,0.123502369166621,0.7927148319581405,0.5710547504025765,0.8826489533011272,0.8592995169082126,0.6364734299516909
0,170,10,2,2,sqrt,0.7530278386220008,0.1269086383207078,0.7884886295029181,0.5754830917874396,0.8971417069243156,0.8681561996779388,0.6358695652173914
0,170,10,2,2,log2,0.7530278386220008,0.1269086383207078,0.7884886295029181,0.5754830917874396,0.8971417069243156,0.8681561996779388,0.6358695652173914
0,180,2,2,2,,0.6986031511312165,0.142120975829572,0.6977259005836184,0.48731884057971014,0.8911030595813204,0.8061594202898551,0.6107085346215781
0,180,2,2,2,sqrt,0.724729668550488,0.12775978106797634,0.7150332058764339,0.5658212560386473,0.9015700483091788,0.8323268921095008,0.6088969404186796
0,180,2,2,2,log2,0.724729668550488,0.12775978106797634,0.7150332058764339,0.5658212560386473,0.9015700483091788,0.8323268921095008,0.6088969404186796
0,180,3,2,2,,0.7086673284184812,0.1307816087304351,0.7035620849265446,0.5279790660225443,0.8886876006441223,0.8126006441223832,0.6105072463768116
0,180,3,2,2,sqrt,0.7267021718227893,0.12767269252041144,0.7180519219158784,0.5658212560386473,0.9021739130434783,0.8349436392914654,0.6125201288244766
0,180,3,2,2,log2,0.7267021718227893,0.12767269252041144,0.7180519219158784,0.5658212560386473,0.9021739130434783,0.8349436392914654,0.6125201288244766
0,180,4,2,2,,0.710639369890422,0.12848901768447848,0.7180519219158784,0.5314009661835749,0.875402576489533,0.8218599033816425,0.6064814814814815
0,180,4,2,2,sqrt,0.7279499077857596,0.13179825259342123,0.7242906017307306,0.5553542673107891,0.9061996779388084,0.8393719806763285,0.6145330112721417
0,180,4,2,2,log2,0.7279499077857596,0.13179825259342123,0.7242906017307306,0.5553542673107891,0.9061996779388084,0.8393719806763285,0.6145330112721417
0,180,5,2,2,,0.7102766945723713,0.1334222019357402,0.7269068222982491,0.519927536231884,0.8800322061191627,0.8210547504025765,0.6034621578099839
0,180,5,2,2,sqrt,0.7279497619540669,0.13544473577242086,0.727913060978064,0.5450885668276972,0.907608695652174,0.8435990338164251,0.6155394524959742
0,180,5,2,2,log2,0.7279497619540669,0.13544473577242086,0.727913060978064,0.5450885668276972,0.907608695652174,0.8435990338164251,0.6155394524959742
0,180,6,2,2,,0.7146242127924209,0.13477619078016467,0.7345542362648421,0.5154991948470209,0.8772141706924316,0.8329307568438004,0.6129227053140096
0,180,6,2,2,sqrt,0.7282715395840685,0.1337833680137826,0.734956731736768,0.5458937198067633,0.8999597423510467,0.8458132045088567,0.6147342995169082
0,180,6,2,2,log2,0.7282715395840685,0.1337833680137826,0.734956731736768,0.5458937198067633,0.8999597423510467,0.8458132045088567,0.6147342995169082
0,180,7,2,2,,0.7211857477714486,0.12917215534687146,0.7460253572147313,0.5316022544283414,0.8675523349436393,0.8427938808373591,0.6179549114331723
0,180,7,2,2,sqrt,0.7320151849680581,0.13481963635694152,0.7428053934393238,0.5471014492753623,0.9023752012882448,0.8512479871175523,0.6165458937198067
0,180,7,2,2,log2,0.7320151849680581,0.13481963635694152,0.7428053934393238,0.5471014492753623,0.9023752012882448,0.8512479871175523,0.6165458937198067
0,180,8,2,2,,0.7283107764111728,0.12899718477350017,0.7603139464681022,0.5396537842190016,0.8707729468599034,0.8498389694041868,0.6209742351046699
0,180,8,2,2,sqrt,0.7366443527973273,0.13242240068968067,0.7542765143892132,0.5503220611916264,0.8979468599033816,0.8556763285024155,0.625
0,180,8,2,2,log2,0.7366443527973273,0.13242240068968067,0.7542765143892132,0.5503220611916264,0.8979468599033816,0.8556763285024155,0.625
0,180,9,2,2,,0.7374083974425657,0.12674978545827276,0.775407526665325,0.5531400966183575,0.875,0.8556763285024155,0.6278180354267311
0,180,9,2,2,sqrt,0.7448965307936583,0.13001216556181516,0.7701750855302878,0.5623993558776168,0.8975442834138486,0.8639291465378421,0.6304347826086957
0,180,9,2,2,log2,0.7448965307936583,0.13001216556181516,0.7701750855302878,0.5623993558776168,0.8975442834138486,0.8639291465378421,0.6304347826086957
0,180,10,2,2,,0.7477539245739041,0.12362464730445913,0.7925135842221775,0.5694444444444444,0.8816425120772947,0.8586956521739131,0.6364734299516909
0,180,10,2,2,sqrt,0.7537121538401212,0.12698461765569946,0.7900986113906219,0.5762882447665056,0.8977455716586151,0.8685587761674718,0.6358695652173914
0,180,10,2,2,log2,0.7537121538401212,0.12698461765569946,0.7900986113906219,0.5762882447665056,0.8977455716586151,0.8685587761674718,0.6358695652173914
0,190,2,2,2,,0.698562893482263,0.14227119817621586,0.6977259005836184,0.48691626409017713,0.8911030595813204,0.8063607085346216,0.6107085346215781
0,190,2,2,2,sqrt,0.7249712306477294,0.1276236623899764,0.714630710404508,0.5660225442834138,0.9017713365539453,0.8325281803542673,0.6099033816425121
0,190,2,2,2,log2,0.7249712306477294,0.1276236623899764,0.714630710404508,0.5660225442834138,0.9017713365539453,0.8325281803542673,0.6099033816425121
0,190,3,2,2,,0.7087478437163879,0.1306704204264429,0.7035620849265446,0.5283816425120773,0.8886876006441223,0.8126006441223832,0.6105072463768116
0,190,3,2,2,sqrt,0.726138564737443,0.12830980126926417,0.7180519219158784,0.5640096618357487,0.9021739130434783,0.8349436392914654,0.6115136876006442
0,190,3,2,2,log2,0.726138564737443,0.12830980126926417,0.7180519219158784,0.5640096618357487,0.9021739130434783,0.8349436392914654,0.6115136876006442
0,190,4,2,2,,0.7102367934008891,0.12829295510552108,0.7180519219158784,0.5314009661835749,0.8747987117552335,0.8210547504025765,0.605877616747182
0,190,4,2,2,sqrt,0.7282719527738647,0.1317743037445064,0.7246930972026565,0.5553542673107891,0.9059983896940419,0.8401771336553945,0.6151368760064412
0,190,4,2,2,log2,0.7282719527738647,0.1317743037445064,0.7246930972026565,0.5553542673107891,0.9059983896940419,0.8401771336553945,0.6151368760064412
0,190,5,2,2,,0.7102363964146143,0.13359684225363214,0.727913060978064,0.519524959742351,0.8804347826086957,0.8202495974235104,0.6030595813204509
0,190,5,2,2,sqrt,0.7277485061163432,0.1349260015147252,0.7271080700342121,0.5466988727858293,0.9078099838969405,0.8421900161030595,0.6149355877616747
0,190,5,2,2,log2,0.7277485061163432,0.1349260015147252,0.7271080700342121,0.5466988727858293,0.9078099838969405,0.8421900161030595,0.6149355877616747
0,190,6,2,2,,0.7147449695357594,0.13450844951713622,0.734956731736768,0.5154991948470209,0.8764090177133655,0.8331320450885669,0.6137278582930756
0,190,6,2,2,sqrt,0.7284325782816425,0.13395007238049933,0.734755484000805,0.5460950080515298,0.9009661835748792,0.8456119162640902,0.6147342995169082
0,190,6,2,2,log2,0.7284325782816425,0.13395007238049933,0.734755484000805,0.5460950080515298,0.9009661835748792,0.8456119162640902,0.6147342995169082
0,190,7,2,2,,0.7211052405753028,0.12908254569485736,0.7458241094787683,0.5324074074074074,0.8673510466988728,0.8429951690821256,0.6169484702093397
0,190,7,2,2,sqrt,0.7317334138324277,0.1349845352624785,0.742000402495472,0.5460950080515298,0.9019726247987118,0.8516505636070854,0.6169484702093397
0,190,7,2,2,log2,0.7317334138324277,0.1349845352624785,0.742000402495472,0.5460950080515298,0.9019726247987118,0.8516505636070854,0.6169484702093397
0,190,8,2,2,,0.7284315169509898,0.1288520356828016,0.7611189374119541,0.5400563607085346,0.8699677938808373,0.8502415458937198,0.6207729468599034
0,190,8,2,2,sqrt,0.7370871707322922,0.13192136205281269,0.7546790098611391,0.5515297906602254,0.8979468599033816,0.855475040257649,0.625805152979066
0,190,8,2,2,log2,0.7370871707322922,0.13192136205281269,0.7546790098611391,0.5515297906602254,0.8979468599033816,0.855475040257649,0.625805152979066
0,190,9,2,2,,0.7380122378715832,0.12681062701512938,0.7760112698732139,0.5527375201288245,0.8760064412238325,0.8556763285024155,0.6296296296296297
0,190,9,2,2,sqrt,0.74505754518595,0.12979060190753663,0.7705775810022137,0.5634057971014492,0.8977455716586151,0.8635265700483091,0.6300322061191627
0,190,9,2,2,log2,0.74505754518595,0.12979060190753663,0.7705775810022137,0.5634057971014492,0.8977455716586151,0.8635265700483091,0.6300322061191627
0,190,10,2,2,,0.747834456075332,0.12361033009778624,0.7921110887502516,0.5700483091787439,0.8818438003220612,0.8590982286634461,0.6360708534621579
0,190,10,2,2,sqrt,0.7541147141261327,0.12703265583928045,0.7905011068625478,0.5760869565217391,0.8979468599033816,0.8691626409017713,0.6368760064412239
0,190,10,2,2,log2,0.7541147141261327,0.12703265583928045,0.7905011068625478,0.5760869565217391,0.8979468599033816,0.8691626409017713,0.6368760064412239
